{"cameraMode":{"drawMode":0,"name":"Shaded","section":"Shading Mode"},"sceneLighting":false,"audioPlay":false,"sceneViewState":{"m_AlwaysRefresh":false,"showFog":true,"showSkybox":false,"showFlares":true,"showImageEffects":true,"showParticleSystems":true,"showVisualEffectGraphs":true,"m_FxEnabled":true},"in2DMode":false,"pivot":{"x":-0.11971670389175415,"y":0.5746028423309326,"z":0.39966440200805666},"rotation":{"x":-0.04240438714623451,"y":0.8523728847503662,"z":-0.06995915621519089,"w":-0.5165175795555115},"size":1.407075047492981,"orthographic":false}