{"cameraMode":{"drawMode":0,"name":"Shaded","section":"Shading Mode"},"sceneLighting":false,"audioPlay":false,"sceneViewState":{"m_AlwaysRefresh":false,"showFog":true,"showSkybox":false,"showFlares":true,"showImageEffects":true,"showParticleSystems":true,"showVisualEffectGraphs":true,"m_FxEnabled":true},"in2DMode":false,"pivot":{"x":0.5092864036560059,"y":0.03728437423706055,"z":0.5719830989837647},"rotation":{"x":-0.13552232086658479,"y":0.8032113909721375,"z":-0.19987723231315614,"w":-0.5445699095726013},"size":1.117722749710083,"orthographic":false}